{ "frames": {
   "samuri_animations-Recovered #idle 0.aseprite": {
    "frame": { "x": 0, "y": 0, "w": 128, "h": 64 },
    "rotated": false,
    "trimmed": false,
    "spriteSourceSize": { "x": 0, "y": 0, "w": 128, "h": 64 },
    "sourceSize": { "w": 128, "h": 64 },
    "duration": 100
   },
   "samuri_animations-Recovered #idle 1.aseprite": {
    "frame": { "x": 128, "y": 0, "w": 128, "h": 64 },
    "rotated": false,
    "trimmed": false,
    "spriteSourceSize": { "x": 0, "y": 0, "w": 128, "h": 64 },
    "sourceSize": { "w": 128, "h": 64 },
    "duration": 100
   },
   "samuri_animations-Recovered #block 0.aseprite": {
    "frame": { "x": 0, "y": 64, "w": 128, "h": 64 },
    "rotated": false,
    "trimmed": false,
    "spriteSourceSize": { "x": 0, "y": 0, "w": 128, "h": 64 },
    "sourceSize": { "w": 128, "h": 64 },
    "duration": 100
   },
   "samuri_animations-Recovered #block 1.aseprite": {
    "frame": { "x": 128, "y": 64, "w": 128, "h": 64 },
    "rotated": false,
    "trimmed": false,
    "spriteSourceSize": { "x": 0, "y": 0, "w": 128, "h": 64 },
    "sourceSize": { "w": 128, "h": 64 },
    "duration": 100
   },
   "samuri_animations-Recovered #block 2.aseprite": {
    "frame": { "x": 256, "y": 64, "w": 128, "h": 64 },
    "rotated": false,
    "trimmed": false,
    "spriteSourceSize": { "x": 0, "y": 0, "w": 128, "h": 64 },
    "sourceSize": { "w": 128, "h": 64 },
    "duration": 100
   },
   "samuri_animations-Recovered #block 3.aseprite": {
    "frame": { "x": 384, "y": 64, "w": 128, "h": 64 },
    "rotated": false,
    "trimmed": false,
    "spriteSourceSize": { "x": 0, "y": 0, "w": 128, "h": 64 },
    "sourceSize": { "w": 128, "h": 64 },
    "duration": 100
   },
   "samuri_animations-Recovered #block 4.aseprite": {
    "frame": { "x": 512, "y": 64, "w": 128, "h": 64 },
    "rotated": false,
    "trimmed": false,
    "spriteSourceSize": { "x": 0, "y": 0, "w": 128, "h": 64 },
    "sourceSize": { "w": 128, "h": 64 },
    "duration": 100
   },
   "samuri_animations-Recovered #attack 0.aseprite": {
    "frame": { "x": 0, "y": 128, "w": 128, "h": 64 },
    "rotated": false,
    "trimmed": false,
    "spriteSourceSize": { "x": 0, "y": 0, "w": 128, "h": 64 },
    "sourceSize": { "w": 128, "h": 64 },
    "duration": 100
   },
   "samuri_animations-Recovered #attack 1.aseprite": {
    "frame": { "x": 128, "y": 128, "w": 128, "h": 64 },
    "rotated": false,
    "trimmed": false,
    "spriteSourceSize": { "x": 0, "y": 0, "w": 128, "h": 64 },
    "sourceSize": { "w": 128, "h": 64 },
    "duration": 100
   },
   "samuri_animations-Recovered #attack 2.aseprite": {
    "frame": { "x": 256, "y": 128, "w": 128, "h": 64 },
    "rotated": false,
    "trimmed": false,
    "spriteSourceSize": { "x": 0, "y": 0, "w": 128, "h": 64 },
    "sourceSize": { "w": 128, "h": 64 },
    "duration": 100
   },
   "samuri_animations-Recovered #attack 3.aseprite": {
    "frame": { "x": 384, "y": 128, "w": 128, "h": 64 },
    "rotated": false,
    "trimmed": false,
    "spriteSourceSize": { "x": 0, "y": 0, "w": 128, "h": 64 },
    "sourceSize": { "w": 128, "h": 64 },
    "duration": 100
   },
   "samuri_animations-Recovered #attack 4.aseprite": {
    "frame": { "x": 512, "y": 128, "w": 128, "h": 64 },
    "rotated": false,
    "trimmed": false,
    "spriteSourceSize": { "x": 0, "y": 0, "w": 128, "h": 64 },
    "sourceSize": { "w": 128, "h": 64 },
    "duration": 100
   },
   "samuri_animations-Recovered #attack 5.aseprite": {
    "frame": { "x": 640, "y": 128, "w": 128, "h": 64 },
    "rotated": false,
    "trimmed": false,
    "spriteSourceSize": { "x": 0, "y": 0, "w": 128, "h": 64 },
    "sourceSize": { "w": 128, "h": 64 },
    "duration": 100
   }
 },
 "meta": {
  "app": "http://www.aseprite.org/",
  "version": "1.2.16.3",
  "image": "samuri_animations-Recovered.png",
  "format": "RGBA8888",
  "size": { "w": 768, "h": 192 },
  "scale": "1",
  "frameTags": [
   { "name": "idle", "from": 0, "to": 1, "direction": "forward" },
   { "name": "block", "from": 2, "to": 6, "direction": "forward" },
   { "name": "attack", "from": 7, "to": 12, "direction": "forward" }
  ],
  "layers": [
   { "name": "body", "opacity": 255, "blendMode": "normal" },
   { "name": "motion blur", "opacity": 255, "blendMode": "normal" },
   { "name": "body", "opacity": 255, "blendMode": "normal" },
   { "name": "motion blur", "opacity": 255, "blendMode": "normal" },
   { "name": "body", "opacity": 255, "blendMode": "normal" },
   { "name": "motion blur", "opacity": 255, "blendMode": "normal" }
  ],
  "slices": [
  ]
 }
}
